,MSE,MAE,R2
0,0.007802425526285314,0.061436305247587635,0.46986875319243115
