,MSE,MAE,R2
0,0.006912868,0.058077986,0.530309226
