,MSE,MAE,R2
0,2848.2953079329427,41.54836328325206,0.48490866359058016
