,MSE,MAE,R2
0,2704.178329,41.9347957,0.510971062
