,alpha,beta,acc,f1
0,1,1,0.530040053,[0.69284468 0.        ]
