,alpha,beta,acc,f1
0,1,1,0.177864078,[0.         0.         0.         0.         0.30201121 0.        ]
