,alpha,beta,acc,f1
0,1,1,0.786965517,"[0.88078422 0.         0.         0.         0.         0.
 0.        ]"
