,MSE,MAE,R2
0,0.0019144682140707315,0.018913104655005772,0.3488675818195993
