,MSE,MAE,R2
0,0.0007000432626649721,0.010693661626635296,0.7619073228274031
